"Book","English_Name","Topic"
"大汗之国",,"中国历史"
"中国哲学史",,"中国哲学"
"风流去",,"中国文化名人解读"
"联盟",,"互联网时代的人才变革"
"极致",,"产品设计"
"亲密关系",,"亲密关系"
"如何让你爱的人爱上你",,"亲密关系"
"巴菲特之道",,"人生哲学"
"放弃的艺术",,"人生哲学"
"钝感力",,"人生哲学"
"最好的告别",,"人生意义"
"关键对话",,"人际交往"
"认同",,"人际交往"
"非暴力沟通",,"人际交往"
"王阳明大传",,"传记"
"硅谷钢铁侠",,"传记"
"僧侣与哲学家",,"佛学与西 方哲学的对话"
"为什么有的人特别招蚊子",,"健康"
"梁漱溟先生讲孔孟",,"儒家哲学"
"从0到1",,"创业"
"创业维艰",,"创业"
"创始人",,"创业"
"合伙人",,"创业"
"精益创业",,"创业"
"斯坦福大学最受欢迎的创意课",,"创意"
"离经叛道",,"创新"
"和繁重的工作一起修行",,"压力管理"
"搞定",,"压力管理"
"消除压力，从大脑开始",,"压力管理"
"解压全书",,"压力管理"
"谁说商业直觉是天生的","Wired to care","商业创新"
"人性中的善良天使",,"大历史"
"人类简史",,"大历史"
"上下百亿年：太阳的故事",,"天文"
"养育女孩",,"子女教育"
"养育男孩",,"子女教育"
"如何与叛逆的孩子相处？",,"子女教育"
"正面管教",,"子女教育"
"让孩子远离焦虑",,"子女教育"
"梁漱溟先生讲孔孟",,"孔子思想史"
"翻转式学习",,"学习方法"
"母爱的羁绊",,"家庭关系"
"创客",,"工业创新"
"巴菲特之道",,"巴菲特"
"幸福的婚姻",,"幸福"
"幸福的方法",,"幸福"
"爱有8种习惯",,"幸福"
"特蕾莎修女：奇迹的故事",,"幸福"
"心理医生为什么没有告诉我",,"心理健康"
"我想飞进天空",,"心理健康"
"我战胜了抑郁症",,"心理健康"
"精神问题有什么可笑的",,"心理健康"
"谁在我家",,"心理健康"
"洗脑术",,"思想控制"
"结构性思维",,"思维"
"宽恕",,"情绪管理"
"情绪急救",,"情绪管理"
"我的情绪为何总被他人左右",,"情绪管理"
"故道白云",,"情绪管理"
"次第花开",,"情绪管理"
"正念的奇迹",,"情绪管理"
"正念的奇迹",,"情绪管理"
"正见：佛陀的证悟",,"情绪管理"
"轻疗愈",,"情绪管理"
"透过佛法看世界",,"情绪管理"
"瞬变",,"意志力"
"瞬变",,"意志力"
"终结拖延症",,"意志力"
"高绩效教练",,"教练团队建设"
"怎样才是最好的学习",,"教育"
"翻转课堂的可汗学院",,"教育"
"童年的秘密",,"教育"
"少即是多",,"新时代的减法生活"
"零边际成本社会",,"未来社会科技"
"未来简史",,"未来社会科技"
"颠覆性医疗革命",,"未来科技与医疗的无缝对接"
"演讲就是一次派发礼物的过程",,"演讲"
"演讲的力量",,"演讲"
"高效演讲",,"演讲"
"你要如何衡量你的人生",,"生命意义"
"活出生命的意义",,"生命意义"
"基因革命",,"生物"
"干法",,"稻盛和夫"
"回归商业的本质",,"管理"
"管理十诫",,"管理"
"重新定义公司",,"管理"
"支付战争",,"经济"
"向前一步",,"职场"
"一个广告人的自白",,"营销"
"上瘾",,"营销"
"吸金广告",,"营销"
"感官品牌",,"营销"
"浪潮式发售",,"营销"
"爆款",,"营销"
"疯传",,"营销"
"细节营销",,"营销"
"视觉锤",,"营销"
"让顾客自己来定价","Smart pricing","营销"
"第3选择",,"解决人生的问题"
"你能写出好故事",,"讲故事"
"沃顿商学院最受欢迎的谈判课",,"谈判"
"你的生存本能正在杀死你",,"进化心理学"
"金钱不能买什么",,"道德"
"共享经济",,"重构未来商业新模式"
"销售就是要玩转情商",,"销售"
"销售洗脑",,"销售"
"跑步圣经",,"锻炼"
"不吼不叫",,
"丝绸之路",,
"中国八大诗人",,
"为未知而学为未来而学",,
"人工智能时代",,
"刻意练习",,
"匠人精神",,
"医生的修炼",,
"危机领导力",,
"哈佛商学院最受欢迎的领导课",,
"孔子，人能弘道",,
"少即是多",,
"少有人走的路",,
"当良知沉睡",,
"指数型组织",,
"搞定",,
"春秋",,
"最好的告别",,
"权力为什么只为某些人所拥有",,
"流放的老国王",,
"游戏改变世界",,
"终极健康",,
"自卑与超越",,
"裂变",,
"认知盈余",,
"让大象飞",,
"谷物大脑",,
